{
  "V14": {
    "mean": -2.370677197565059,
    "std": 4.107921539972854,
    "histogram": [
      275,
      1596,
      2713,
      5037,
      7691,
      7517,
      19301,
      40753,
      396,
      14
    ],
    "bins": [
      -19.2143254902614,
      -16.517433066429774,
      -13.82054064259815,
      -11.123648218766528,
      -8.426755794934904,
      -5.72986337110328,
      -3.0329709472716573,
      -0.3360785234400332,
      2.360813900391591,
      5.057706324223215,
      7.75459874805484
    ]
  },
  "V10": {
    "mean": -1.9369922093659233,
    "std": 3.916224944748301,
    "histogram": [
      336,
      321,
      3047,
      2030,
      8196,
      23202,
      47599,
      442,
      101,
      19
    ],
    "bins": [
      -24.5882624372475,
      -20.6048676243702,
      -16.6214728114929,
      -12.6380779986156,
      -8.6546831857383,
      -4.6712883728609995,
      -0.6878935599836993,
      3.295501252893601,
      7.278896065770901,
      11.262290878648201,
      15.2456856915255
    ]
  },
  "V4": {
    "mean": 1.5574416295516718,
    "std": 2.9110891476167304,
    "histogram": [
      294,
      8115,
      35059,
      18635,
      10812,
      6944,
      3778,
      997,
      658,
      1
    ],
    "bins": [
      -5.51969712328415,
      -3.4373090124369847,
      -1.3549209015898196,
      0.7274672092573455,
      2.8098553201045107,
      4.892243430951677,
      6.974631541798841,
      9.057019652646005,
      11.139407763493171,
      13.221795874340337,
      15.3041839851875
    ]
  },
  "V12": {
    "mean": -2.1199878801870162,
    "std": 4.023161974524213,
    "histogram": [
      848,
      1454,
      1803,
      2064,
      4338,
      5609,
      8664,
      22485,
      37862,
      166
    ],
    "bins": [
      -18.6837146333443,
      -16.368051111596262,
      -14.052387589848221,
      -11.73672406810018,
      -9.421060546352141,
      -7.105397024604102,
      -4.789733502856061,
      -2.47406998110802,
      -0.15840645935998054,
      2.1572570623880587,
      4.4729205841361
    ]
  },
  "V1": {
    "mean": -1.6501138652175324,
    "std": 4.744016330521967,
    "histogram": [
      2,
      1,
      2,
      407,
      746,
      813,
      2118,
      2621,
      11374,
      67209
    ],
    "bins": [
      -46.8550472007818,
      -41.927507867274485,
      -36.999968533767166,
      -32.07242920025985,
      -27.144889866752536,
      -22.21735053324522,
      -17.289811199737905,
      -12.362271866230586,
      -7.434732532723274,
      -2.507193199215962,
      2.42034613429136
    ]
  }
}